title,artist
Never Gonna Give You Up,Rick Astley
Billie Jean,Michael Jackson
Lonely,Akon
She Move it like,Badshah
Oliver Tree & Robin Schulz - Miss You [Official Music Video],Oliver Tree
BAD BUNNY x JHAY CORTEZ - DÁKITI (Video Oficial),Bad Bunny
NON-STOP RETRO DANCE WORKOUT REMIX l JADanceworkout choreography,J&A dance workout
Ed Sheeran - Divide Album |REACTION|,Ed Sheeran
Taylor Swift (Midnights "The Late Night Edition") Album Playlist with Lyrics,Taylor Swift
QUEVEDO || BZRP Music Sessions #52/66,Bizarrap
3 Palavrinhas - Maratona + de 1 Hora de Muita Música e Diversão!  - OFICIAL,3 Palavrinhas
Travis Scott - UTOPIA Full Album,Travis Scott
JERE KLEIN - ANDO (Video Oficial) | ENFASIS,Jere Klein
La Bachata - MTZ Manuel Turizo | Video Oficial,Manuel Turizo
Justin Bieber - Justice (Official Live Performances) | Vevo,Justin Bieber
Sexyy Red "Get It Sexyy" (Official Video - No Skits),Sexyy Red
Ariana DeBose - This Wish (From "Wish") (Official Video),Ariana DeBose
DRAKE  "FOR ALL THE DOGS" ( ALBUM REACTION!!!),Drake
I Remixed "Honestly, Nevermind" by Drake,Drake
YG Marley - "Praise Jah in the Moonlight",YG Marley
Justin Timberlake - CAN'T STOP THE FEELING! (from DreamWorks Animation's "TROLLS") (Official Video),Justin Timberlake
Doja Cat - Planet Her (Official Live Performances) | Vevo,Doja Cat
Beyoncé - I'M THAT GIRL / COZY / ALIEN SUPERSTAR (Live Studio Version) [Renaissance Tour],Beyoncï¿
Lil Baby x Gunna - "Drip Too Hard" (Official Music Video),Lil Baby
twenty one pilots: Heathens (from Suicide Squad: The Album) [OFFICIAL VIDEO],Twenty One Pilots
[FULL MOVIE] Pinkfong & Baby Shark’s Space Adventure | Sing-along Special | Watch Now! | Pinkfong,Pinkfong
LA VACA LOLA | Spanish Kids Songs | Clap clap kids,LOLA
CKAY - DTF | OFFICIAL AUDIO,CKay
Harry’s House Full Album,Harry Styles