    title,artist,youtube_url,song_id
    Billie Jean,Michael Jackson,https://www.youtube.com/watch?v=Kr4EQDVETuA,2
    Lonely,Akon,https://www.youtube.com/watch?v=nN66uAbiJJw,3
    She Move it like,Badshah,https://www.youtube.com/watch?v=jSYtizsUCQA,4
    MILLION DOLLAR BABY,Tommy Richman,https://www.youtube.com/watch?v=zG5YzRxOcsI,5
    Without me,Eminem,https://www.youtube.com/watch?v=pyb13N80DZQ,6
    Tommy Richman - MILLION DOLLAR BABY (Official Music Video),Tommy Richman,https://www.youtube.com/watch?v=Zf1d8SGuxfs,7
    Kendrick Lamar - Not Like Us,Kendrick Lamar,https://www.youtube.com/watch?v=H58vbez_m4E,8
    Artemas - i like the way you kiss me (official music video),Artemas,https://www.youtube.com/watch?v=ecyKfK8HQRE,9
    Eminem - Houdini [Official Music Video],Eminem,https://www.youtube.com/watch?v=22tVWwmTie8,10
    Jack Harlow - Lovin On Me [Official Music Video],Jack Harlow,https://www.youtube.com/watch?v=Iq8h3GEe22o,11
    Benson Boone - Beautiful Things (Official Music Video),Benson Boone,https://www.youtube.com/watch?v=_T2ydRYLt-U,12
    "FloyyMenor, Cris MJ - Gata Only",FloyyMenor,https://www.youtube.com/watch?v=vItWe9DncsU,13
    CENTRAL CEE FT. LIL BABY - BAND4BAND (MUSIC VIDEO),Central Cee,https://www.youtube.com/watch?v=pDddlvCfTiw,14
    Post Malone - I Had Some Help (feat. Morgan Wallen) (Official Video),Post Malone,https://www.youtube.com/watch?v=4QIZE708gJ4,15
    Teddy Swims - The Door (Official Music Video),Teddy Swims,https://www.youtube.com/watch?v=VSXT4a2kRHA,16
    Billie Eilish - Hit Me Hard and Soft [Full Album],Billie Eilish,https://www.youtube.com/watch?v=fcX8qE6c9Do,17
    "Future, Metro Boomin - We Don't Trust You (Official Audio)",Future,https://www.youtube.com/watch?v=ntP8vvswhYM,18
    Kids With Buns - bathroom floor (Official Video),Kids With Buns,https://www.youtube.com/watch?v=97f-AzOZ_FQ,19
    "Myke Towers - LALA (REMIX IA) Anuel AA, Bad Bunny, Jhayco, AngelC",Myke Towers,https://www.youtube.com/watch?v=c6hRr5_vpdg,20
    Taylor Swift -  The Tortured Poets Department (Full Album),Taylor Swift,https://www.youtube.com/watch?v=RQMz4JDbtmI,21
    Tate McRae - greedy (Official Video),Tate McRae,https://www.youtube.com/watch?v=8AtiHCDGZ8c,22
    Harry Styles - As It Was (Official Video),Harry Styles,https://www.youtube.com/watch?v=V1Z586zoeeE,23
    Doja Cat - Paint The Town Red (Official Video),Doja Cat,https://www.youtube.com/watch?v=m4_9TFeMfJE,24
    Sabrina Carpenter - Espresso,Sabrina Carpenter,https://www.youtube.com/watch?v=51zjlMhdSTE,25
    Yeah (Cover),MUSIC LAB JPN,https://www.youtube.com/watch?v=VQ5511UfP7M,26
    FUTURE - Official Sound Studio (Nocopyrightmusic),official sound studio,https://www.youtube.com/watch?v=tikgzToW-V0,27
    Beat Automotivo Tan Tan Tan Viral,WZ Beat,https://www.youtube.com/watch?v=h98FVLxjIMg,28
    "The Kid LAROI, Justin Bieber - STAY (Official Video)",The Kid LAROI,https://www.youtube.com/watch?v=kTJczUoc26U,29
    Ariana Grande - eternal sunshine (lyric visualizer),Ariana Grande,https://www.youtube.com/watch?v=dS_HLHozs1E,30
    Big Pimpin' / Papercut (Official Audio) - Linkin Park / JAY-Z,JAY-Z,https://www.youtube.com/watch?v=TbFw880dpUU,31
    [BABYMONS7ER] VISUAL FILM,BABYMONSTER,https://www.youtube.com/watch?v=1myrYL8ybzM,32
    Tyla - Water (Official Music Video),Tyla,https://www.youtube.com/watch?v=wlmUnWLaeog,33
    Kenya Grace - Strangers (Official Lyric Video),Kenya Grace,https://www.youtube.com/watch?v=S2TaAcwC_zI,34
    "Hozier: 'Unreal Unearth', Spirituality & Songwriting | Apple Music",Hozier,https://www.youtube.com/watch?v=UOdcdno0Uu8,35
    Shaboozey - A Bar Song (Tipsy) [Official Visualizer],Shaboozey,https://www.youtube.com/watch?v=t7bQwwqW-Hc,36
    Teddy Swims - Lose Control (Live),Teddy Swims,https://www.youtube.com/watch?v=GZ3zL7kT6_c,37
    Gunna - fukumean [Official Visualizer],Gunna,https://www.youtube.com/watch?v=l21wGxlWwPw,38
    TONES AND I - DANCE MONKEY (OFFICIAL VIDEO),Tones And I,https://www.youtube.com/watch?v=q0hyYWKXF0Q,39
    David Guetta & Bebe Rexha - I'm Good (Blue) [Official Music Video],David Guetta,https://www.youtube.com/watch?v=90RLzVUuXe4,40
    David Kushner - Daylight (Official Music Video),David Kushner,https://www.youtube.com/watch?v=MoN9ql6Yymw,41
    Mitski - The Land Is Inhospitable and So Are We (Full Album),Mitski,https://www.youtube.com/watch?v=JNHT8b0sXKQ,42
    Sabrina Carpenter - Please Please Please,Sabrina Carpenter,https://www.youtube.com/watch?v=Yl_thbk40A0,43
    Dua Lipa - Houdini (London Sessions),Dua Lipa,https://www.youtube.com/watch?v=Bmk7pyla-4Y,44
    Levels (Cover),MUSIC LAB JPN,https://www.youtube.com/watch?v=8onGOQWqQa0,45
    Mae Stephens - If We Ever Broke Up (Official Video),Mae Stephens,https://www.youtube.com/watch?v=TbGT3d0pHgo,46
    Luis Fonsi - Despacito ft. Daddy Yankee,Luis Fonsi,https://www.youtube.com/watch?v=2bHBUs-k3ac,47
    euphoria,Kendrick Lamar,https://www.youtube.com/watch?v=NPqDIwWMtxg,48
    Mvua - Panda Basi (Official Music Video),Mvua,https://www.youtube.com/watch?v=k6wDD82oWZE,49
    "Rema, Selena Gomez - Calm Down (Official Music Video)",Rema,https://www.youtube.com/watch?v=WcIcVapfqXw,50
    Ed Sheeran - Shape of You (Official Music Video),Ed Sheeran,https://www.youtube.com/watch?v=JGwWNGJdvx8,51
    What Single People Are Tired Of Hearing - mitu,Maian,https://www.youtube.com/watch?v=k1D-Y2Kc8tA,52
    The Weeknd - Blinding Lights (Official Video),The Weeknd,https://www.youtube.com/watch?v=fHI8X4OXluQ,53
    Metro Boomin & Future - Superhero (Heroes & Villains) [Official Music Video],Metro Boomin,https://www.youtube.com/watch?v=BZlgYDu1PTs,54
    Break Free (Cover),MUSIC LAB JPN,https://www.youtube.com/watch?v=vWDul-Cr3pE,55
    "Sam Smith, Kim Petras - Unholy (Official Music Video)",Sam Smith,https://www.youtube.com/watch?v=Uq9gPaIzbe8,56
    Edward Maya & Vika Jigulina - Stereo Love (Official Music Video),Edward Maya,https://www.youtube.com/watch?v=p-Z3YrHJ1sU,57
    very cute melody by marimba tone tiktok,mitsu sound,https://www.youtube.com/watch?v=l7qxglA7Pi8,58
    aespa 에스파 'Supernova' MV,aespa,https://www.youtube.com/watch?v=phuiiNCxRMg,59
    Juvenile - 400 Degreez (Official Music Video),JUVENILE,https://www.youtube.com/watch?v=zdzxKsl34Vw,60
    SZA - SOS (Audio),SZA,https://www.youtube.com/watch?v=WxflcXmtVTM,61
    Glass Animals - Heat Waves (Official Video),Glass Animals,https://www.youtube.com/watch?v=mRD0-GxqHVo,62
    Way We Move,PowerDress,https://www.youtube.com/watch?v=QjFczK3JHeA,64
    Lil Nas X - Old Town Road (Official Video) ft. Billy Ray Cyrus,Lil Nas X,https://www.youtube.com/watch?v=r7qovpFAGrQ,65
    Grupo Frontera x Bad Bunny - UN X100TO (Video Oficial),Grupo Frontera,https://www.youtube.com/watch?v=3inw26U-os4,66
    Jawsh 685 - Laxed (SIREN BEAT),Jawsh 685,https://www.youtube.com/watch?v=mUuyEX2M0gc,67
    Central Cee x Dave - Sprinter [Music Video],Dave,https://www.youtube.com/watch?v=pSY3i5XHHXo,68
    "KAROL G, Shakira - TQG (Official Video)",KAROL G,https://www.youtube.com/watch?v=jZGpkLElSu8,69
    Farruko - Pepas (Official Video),Farruko,https://www.youtube.com/watch?v=kcYS_cUwr-8,70
    Dave Angel -  Quarter Pounder [SoHaSo036],Dave Angel,https://www.youtube.com/watch?v=7CXkCt3zh98,71
    Ella Baila Sola - (Video Oficial) - Eslabon Armado y Peso Pluma - DEL Records 2023,Eslabon Armado,https://www.youtube.com/watch?v=lZiaYpD9ZrI,72
    Dua Lipa - Dance The Night (From Barbie The Album) [Official Music Video],Dua Lipa,https://www.youtube.com/watch?v=OiC1rgCPmUQ,73
    Yng Lvcas & Peso Pluma - La Bebe (Remix) [Video Oficial],Yng Lvcas,https://www.youtube.com/watch?v=2myad4oWqPA,74
    american dream: the 21 savage story | Official Trailer,21 Savage,https://www.youtube.com/watch?v=xH3nqcOA2DA,75
    Adele - Easy On Me (Official Lyric Video),Adele,https://www.youtube.com/watch?v=lQMHoAs6PdY,76
    Lil Durk - All My Life ft. J. Cole,Lil Durk,https://www.youtube.com/watch?v=cgedIPC455U,77
    ILLIT (아일릿) ‘SUPER REAL ME’ Brand Film,ILLIT,https://www.youtube.com/watch?v=1y83yoyZRYU,78
    Sech - Otro Trago ft. Darell (Video Oficial),Darell,https://www.youtube.com/watch?v=t_qn-f7XfJo,79
    Xavi - La Diabla (Official Video),Xavi,https://www.youtube.com/watch?v=HfzbN5ky5Co,80
    "PinkPantheress, Ice Spice - Boy’s a liar Pt. 2 (Official Video)",PinkPantheress,https://www.youtube.com/watch?v=U_hj-wT3biU,81
    "BELLAKEO (Video Oficial) - Peso Pluma, Anitta",Peso Pluma,https://www.youtube.com/watch?v=fOT0BUpITw8,82
    Fyex & DJ Samir - Montagem Rave Eterno (Official Audio),Dj Samir,https://www.youtube.com/watch?v=8xrvFUQuOj8,84
    Paul Russell - Lil Boo Thang (Official Video),Paul Russell,https://www.youtube.com/watch?v=NyYYF4RmTFk,85
    Peggy Gou - (It Goes Like) Nanana - Official Video,Peggy Gou,https://www.youtube.com/watch?v=sCz5y84dwuA,86
    Dua Lipa - Training Season (Live from the Royal Albert Hall) [Official Performance Video],Dua Lipa,https://www.youtube.com/watch?v=3DcoC8p9az8,87
    aespa 에스파 'Armageddon' MV,aespa,https://www.youtube.com/watch?v=SguQN1R1Ojs,88
    Roddy Ricch - Intro [Official Audio],Roddy Ricch,https://www.youtube.com/watch?v=bnfvsJT2WV0,89
    "Lil Nas X, Jack Harlow - INDUSTRY BABY (Official Video)",Lil Nas X,https://www.youtube.com/watch?v=UTHLKHL_whs,90
    Jaxomy x Agatino Romero x Raffaella Carrà – Pedro (Official Video),Jaxomy,https://www.youtube.com/watch?v=HxL19VWL9TM,91
    Luke Combs - Growin' Up and Gettin' Old (Official Lyric Video),Luke Combs,https://www.youtube.com/watch?v=Aj2BtFX8KRU,92
    Creepy Nuts｢Bling-Bang-Bang-Born｣ × TV Anime｢マッシュル-MASHLE-｣ Collaboration Music Video #BBBBダンス,Creepy Nuts,https://www.youtube.com/watch?v=mLW35YMzELE,93
    Tollan Kim - Aesthetic,Tollan Kim,https://www.youtube.com/watch?v=G95o2P53yYo,94
    "Post Malone, Swae Lee - Sunflower (Spider-Man: Into the Spider-Verse) (Official Video)",Post Malone,https://www.youtube.com/watch?v=ApXoWvfEYVU,95
    SZA - Saturn,SZA,https://www.youtube.com/watch?v=V2G8ESoDXm8,96
    Imagine Dragons - Believer (Official Music Video),Imagine Dragons,https://www.youtube.com/watch?v=BKVIyxQfrJc,97
    "Future - WAIT FOR U (Official Music Video) ft. Drake, Tems",Future,https://www.youtube.com/watch?v=Y2QpQP8wPG8,98
    Jack Harlow - First Class [Official Music Video],Jack Harlow,https://www.youtube.com/watch?v=yQBImEeXNZ4,99
    "The Weeknd - After Hours (live at SoFi Stadium, After Hours Til Dawn Tour)",The Weeknd,https://www.youtube.com/watch?v=5P89RDW71q4,100
    Losing Interest (Original Mix),Goovex,https://www.youtube.com/watch?v=jYFz6b2Kgx4,101
    EXHUMED - Drained of Color (Official Music Video),Exhumed,https://www.youtube.com/watch?v=yX9b_6aydwY,102
    24kGoldn - Mood (Official Video) ft. iann dior,24kGoldn,https://www.youtube.com/watch?v=2fvw0TkENHM,103
    BTS (방탄소년단) 'Dynamite' Official MV,BTS,https://www.youtube.com/watch?v=gdZLi9oWNZg,104
    Looking Like a Wow Indie Folk,WasteLand,https://www.youtube.com/watch?v=gBkVmrZwFjY,105
    Lewis Capaldi - Someone You Loved,Lewis Capaldi,https://www.youtube.com/watch?v=xrcMgO2fgpA,106
    Meghan Trainor - Takin' It Back (Official Lyric Video),Meghan Trainor,https://www.youtube.com/watch?v=Tp1-TxG3o1o,107
    DJ MOIGUS - PHONK BRASILEIRO FRESCO,DJ MOIGUS,https://www.youtube.com/watch?v=cBcfASp_Zik,108
    Full Video: SOOSEKI | Pushpa 2 The Rule | Allu Arjun | Rashmika | Shreya Ghoshal | Sukumar| DSP,Shreya Ghoshal,https://www.youtube.com/watch?v=LH6c2bTM8p0,109
    Olivia Rodrigo - vampire (Official Video),Olivia Rodrigo,https://www.youtube.com/watch?v=RlPNh_PBZb4,110
    Libianca - People (Official Video),Libianca,https://www.youtube.com/watch?v=rJWdfDPZ9Ck,111
    Jedag Jedug Capcut 2024,Afrian Af,https://www.youtube.com/watch?v=YvOBiIsmTXc,112
    G-Eazy - Lady Killers II (Christoph Andersson Remix),G-Eazy,https://www.youtube.com/watch?v=i9L_Ew4t1xg,113
    David Guetta & OneRepublic - I Don't Wanna Wait (Official Video),David Guetta,https://www.youtube.com/watch?v=dSDbwfXX5_I,114
    J Ross - ABC (Video Oficial),J Ross,https://www.youtube.com/watch?v=G_m1319iBiA,115
    Dua Lipa - Don't Start Now (Official Music Video),Dua Lipa,https://www.youtube.com/watch?v=oygrmJFKYZY,116
    Juice WRLD - Lucid Dreams (Official Music Video),Juice WRLD,https://www.youtube.com/watch?v=onbC6N-QGPc,117
    KAROL G - Provenza (Official Video),KAROL G,https://www.youtube.com/watch?v=ca48oMV59LU,118
    Cardi B - WAP feat. Megan Thee Stallion [Official Music Video],Cardi B,https://www.youtube.com/watch?v=Wc5IbN4xw70,119
    ZICO (지코) ‘SPOT! (feat. JENNIE)’ Official MV,ZICO,https://www.youtube.com/watch?v=xfqBQ2XhBCg,120
    DRAKE - FAMILY MATTERS,Drake,https://www.youtube.com/watch?v=ZkXG3ZrXlbc,121
    I missed you,Kurochuu,https://www.youtube.com/watch?v=ygQYYUs9s44,122
    정국 (Jung Kook) 'Seven (feat. Latto)' Official MV,Jung Kook,https://www.youtube.com/watch?v=Vs64cZbeY88,123
    One Thing At A Time,Morgan Wallen,https://www.youtube.com/watch?v=CCBBmddshm8,124
    Ed Sheeran - Remember The Name (feat. Eminem & 50 Cent) [Official Lyric Video],Ed Sheeran,https://www.youtube.com/watch?v=ZX3B953Rc0I,125
    "Bruno Mars, Anderson .Paak, Silk Sonic - Leave the Door Open [Official Video]",Bruno Mars,https://www.youtube.com/watch?v=5JDewVoityQ,126
    Olivia Rodrigo - good 4 u (Official Video),Olivia Rodrigo,https://www.youtube.com/watch?v=gNi_6U5Pm_o,127
    Billie Eilish - bury a friend (Official Music Video),Billie Eilish,https://www.youtube.com/watch?v=HUHC9tYz8ik,128
    Shawn Mendes - Always Been You (Live from Wonder: The Experience),Shawn Mendes,https://www.youtube.com/watch?v=zI-bIKkDZnQ,129
    DaBaby – BLAME IT ON BABY [AUDIO],DaBaby,https://www.youtube.com/watch?v=ZgU3UrZW1QE,130
    Ed Sheeran - Eyes Closed (Piano and Strings Version) [Live featuring Aaron Dessner],Ed Sheeran,https://www.youtube.com/watch?v=MlAkMge-IPE,131
    Zach Bryan - I Remember Everything (feat. Kacey Musgraves),Zach Bryan,https://www.youtube.com/watch?v=ZVVvJjwzl6c,132
    Post Malone - Circles (Official Music Video),Post Malone,https://www.youtube.com/watch?v=pQV0WEdT_OE,133
    Grupo Frontera x Grupo Firme - EL AMOR DE SU VIDA (Video Oficial),Grupo Frontera,https://www.youtube.com/watch?v=Vr1M_l-1wjc,134
    Lizzo - About Damn Time [Official Video],Lizzo,https://www.youtube.com/watch?v=DllsWuHK9dw,135
    The Chainsmokers - Closer (Official Video) ft. Halsey,The Chainsmokers,https://www.youtube.com/watch?v=FERZ9cRV4OE,136
    JISOO X ZAYN - EYES CLOSED (OFFICIAL MV),JISOO,https://www.youtube.com/watch?v=EN1tMeXQii0,137
    Drake - For All The Dogs (Full Album),Drake,https://www.youtube.com/watch?v=VBK5gQuYy_U,138
    Camila Cabello - Havana (Official Video) ft. Young Thug,Camila Cabello,https://www.youtube.com/watch?v=HCjNJDNzw8Y,139
    FEID - Ferxxo Calipsis Tour En Vivo Medellín (Concierto Completo) 08/12/24,Feid,https://www.youtube.com/watch?v=SP_Fu19sCmQ,140
    Imagine Dragons - Bones (Official Music Video),Imagine Dragons,https://www.youtube.com/watch?v=mb-Cnwi9BqA,141
    Justin Timberlake - Selfish (Official Video),Justin Timberlake,https://www.youtube.com/watch?v=je0roKRn3nY,142
    JVKE - golden hour (official music video),JVKE,https://www.youtube.com/watch?v=PEM0Vs8jf1w,143
    Dua Lipa - Future Nostalgia (Official Lyrics Video),Dua Lipa,https://www.youtube.com/watch?v=8EJ-vZyBzOQ,144
    Future - Life Is Good (Official Music Video) ft. Drake,Future,https://www.youtube.com/watch?v=ZBOoVj6IW3s,145
    RAYE - The Thrill Is Gone. (Live at Metropolis Studios),RAYE,https://www.youtube.com/watch?v=-DpSn8dHHmo,146
    Myles Smith - Stargazing (Lyric Video),Myles Smith,https://www.youtube.com/watch?v=tKml80alH3Y,147
    Pop Smoke - Aim For The Moon (Official Music Video) ft. Quavo,Pop Smoke,https://www.youtube.com/watch?v=IkHgpc2Fjxk,148
    Maroon 5 - Memories (Official Video),Maroon 5,https://www.youtube.com/watch?v=qZjYggYSzc8,149
    "Feid, Young Miko - Classy 101 (Official Video)",Feid,https://www.youtube.com/watch?v=cD5T1Y4b7wA,150
    "Kygo, Ava Max - Whatever (Official Video)",Kygo,https://www.youtube.com/watch?v=Xb3SFpn_CRk,151
    Bryson Tiller - Whatever She Wants (Official Video),Bryson Tiller,https://www.youtube.com/watch?v=-I8DrXXGd9E,152
    BENNETT – Vois sur ton chemin (Techno Mix) [Official Live Visualizer],BENNETT,https://www.youtube.com/watch?v=f4gODZFkTJg,153
    Halsey - Without Me,Halsey,https://www.youtube.com/watch?v=aYr4fDuLhXg,154
    meet the grahams,Kendrick Lamar,https://www.youtube.com/watch?v=2QiFl9Dc7D0,155
    "Lady Gaga, Bradley Cooper - Shallow (from A Star Is Born) (Official Music Video)",Lady Gaga,https://www.youtube.com/watch?v=bo_efYhYU2A,156
    Imagine Dragons - Thunder,Imagine Dragons,https://www.youtube.com/watch?v=4AqjqOqNrjw,157
    Ayra Starr - Rush (Official Music Video),Ayra Starr,https://www.youtube.com/watch?v=crtQSTYWtqE,158
    GAYLE - abcdefu (Official Music Video),GAYLE,https://www.youtube.com/watch?v=NaFd8ucHLuo,159
    "Kizz Daniel, Tekno - Buga (Official Video)",Kizz Daniel,https://www.youtube.com/watch?v=bLF90M96m2Q,160
    Steve Lacy - Bad Habit (Official Video),Steve Lacy,https://www.youtube.com/watch?v=VF-FGf_ZZiI,161
    LISA - 'LALISA' M/V,LISA,https://www.youtube.com/watch?v=awkkyBH2zEo,162
    Columbia - Quevedo (Video Oficial),Quevedo,https://www.youtube.com/watch?v=QlZNGcVfeF0,163
    "LADY GAGA (Video Oficial) - Peso Pluma, Gabito Ballesteros, Junior H",Peso Pluma,https://www.youtube.com/watch?v=3Wnso2A4PZE,164
    TREASURE - 'KING KONG' M/V,TREASURE,https://www.youtube.com/watch?v=RiLdxgHYzU8,165
    BLACKPINK - 'How You Like That' M/V,BLACKPINK,https://www.youtube.com/watch?v=ioNng23DkIM,166
    Milf Song (Demo),The Puddleducks,https://www.youtube.com/watch?v=uP_4jWnx4pk,167
    Tinashe - Nasty (Official Video),Tinashe,https://www.youtube.com/watch?v=jrjESdPsLxE,168
    Desiigner - Panda,Desiigner,https://www.youtube.com/watch?v=4NJlUribp3c,169
    Push Ups,Drake,https://www.youtube.com/watch?v=DMvaSqDnHl8,170
    Loreen - Tattoo (Official Audio),Loreen,https://www.youtube.com/watch?v=PcCD9n0ZYew,171
    Doja Cat - Kiss Me More (Official Video) ft. SZA,Doja Cat,https://www.youtube.com/watch?v=WjwqAtxm-9M,172
    Doechii - What It Is (Solo Version),Doechii,https://www.youtube.com/watch?v=khMkNSf2Jwg,173
    Dua Lipa - Illusion (Official Music Video),Dua Lipa,https://www.youtube.com/watch?v=srezLHdhPOA,175
    Olivia Rodrigo - drivers license (Official Video),Olivia Rodrigo,https://www.youtube.com/watch?v=ZmDBbnmKpqQ,176
    Miley Cyrus - Endless Summer Vacation (Backyard Sessions) Full Show,Miley Cyrus,https://www.youtube.com/watch?v=IItaUClEjiI,177
    FIFTY FIFTY (피프티피프티) - 'Cupid'  Official MV,FIFTY FIFTY,https://www.youtube.com/watch?v=Qc7_zRjH808,178
    NewJeans (뉴진스) 'How Sweet' Official MV,NewJeans,https://www.youtube.com/watch?v=Q3K0TOvTOno,179
    Coi Leray - Players (Official Music Video),Coi Leray,https://www.youtube.com/watch?v=MZV0CIFQbbE,180
    Post Malone - rockstar (Official Music Video) ft. 21 Savage,Post Malone,https://www.youtube.com/watch?v=UceaB4D0jpo,181
    Vayah - Lil Somethin Somethin (Official Audio),Vayah,https://www.youtube.com/watch?v=aCoyNcpKSk8,182
    Daddy Yankee & Snow - Con Calma (Video Oficial),Daddy Yankee,https://www.youtube.com/watch?v=DiItGE3eAyQ,183
    d4vd - Here With Me [Official Music Video],d4vd,https://www.youtube.com/watch?v=B7Y4LHbpXv0,184
    Toosii - Favorite Song (Official Video),Toosii,https://www.youtube.com/watch?v=R3a8k4TfVOI,185
    "Luis R Conriquez, Neton Vega - Si No Quieres No [Video Oficial]",Luis R Conriquez,https://www.youtube.com/watch?v=-V-sywKOCwQ,186
    Lil Nas X - MONTERO (Call Me By Your Name) (Official Video),Lil Nas X,https://www.youtube.com/watch?v=6swmTBVI83k,187
    Voz Emplumada EP - Biomigrant & El Monte Adentro (Album Mix),Biomigrant,https://www.youtube.com/watch?v=_0H9eAeT25E,188
    Taylor Swift - 1989 (Taylor's Version) (Full Album),Taylor Swift,https://www.youtube.com/watch?v=qrxsceexTBw,189
    Joji -  Glimpse of Us,Joji,https://www.youtube.com/watch?v=NgsWGfUlwJI,190
    Harry Styles - Watermelon Sugar (Official Video),Harry Styles,https://www.youtube.com/watch?v=7-x3uD5z1bQ,191
    Bad Bunny - WHERE SHE GOES (Video Oficial),Bad Bunny,https://www.youtube.com/watch?v=bef8QLNHubw,192
    "Yandel, Feid  - Yandel 150 (Video Oficial)",Yandel,https://www.youtube.com/watch?v=WHejvUhX6rk,193
    Rauw Alejandro - Todo De Ti (Official Video),Rauw Alejandro,https://www.youtube.com/watch?v=CFPLIaMpGrY,194
    Post Malone - Chemical (Official Music Video),Post Malone,https://www.youtube.com/watch?v=D2HMHH6sRBY,195
    Wiz Khalifa - See You Again ft. Charlie Puth [Official Video] Furious 7 Soundtrack,Wiz Khalifa,https://www.youtube.com/watch?v=RgKAFK5djSk,196
    Kep1er 케플러 l 'Kep1going' Highlight Medley,Kep1er,https://www.youtube.com/watch?v=MJYBr4kZkOw,197
    Mark Ronson - Nothing Breaks Like a Heart (Official Video) ft. Miley Cyrus,Mark Ronson,https://www.youtube.com/watch?v=A9hcJgtnm6Q,198
    David Jackson - Overthinking,David Jackson,https://www.youtube.com/watch?v=-gUqDLOseeY,199
    "J Balvin, Willy William - Mi Gente (Official Video)",J Balvin,https://www.youtube.com/watch?v=wnJ6LuUFpMo,200
    Oliver Tree & Robin Schulz - Miss You [Official Music Video],Oliver Tree,https://www.youtube.com/watch?v=EipgOEBtyag,201
    BAD BUNNY x JHAY CORTEZ - DÁKITI (Video Oficial),Bad Bunny,https://www.youtube.com/watch?v=vmt9q5tAyfg,202
    The Weeknd - Starboy ft. Daft Punk (Official Video) ft. Daft Punk,The Weeknd,https://www.youtube.com/watch?v=Rif-RTvmmss,203
    Justin Bieber - Sorry (PURPOSE : The Movement),Justin Bieber,https://www.youtube.com/watch?v=10IKRNNfCGU,204
    Lil Tjay - Calling My Phone (feat. 6LACK) [Official Video],Lil Tjay,https://www.youtube.com/watch?v=zzd4ydafGR0,205
    BLACKPINK - ‘Pink Venom’ M/V,BLACKPINK,https://www.youtube.com/watch?v=3or3dp3qNQU,206
    "Powfu - Some boring, Love stories (EP)",Powfu,https://www.youtube.com/watch?v=vzvkeOIDFuw,207
    Travis Scott - MELTDOWN (Official Audio) ft. Drake,Travis Scott,https://www.youtube.com/watch?v=LuKm4L9ryB0,208
    Katy Perry - Roar,Katy Perry,https://www.youtube.com/watch?v=IJwzzhXCCPQ,209
    The Chainsmokers & Coldplay - Something Just Like This (Official Lyric Video),The Chainsmokers,https://www.youtube.com/watch?v=FM7MFYoylVs,210
    Ariana Grande - 7 rings (Official Video),Ariana Grande,https://www.youtube.com/watch?v=M84fFXooS5w,211
    Kali Uchis - Moonlight (Official Lyric Video),Kali Uchis,https://www.youtube.com/watch?v=8F7Q-4PZCjA,212
    Selena - Amor Prohibido [30th Anniversary] (Visualizer),Selena,https://www.youtube.com/watch?v=dGj2D3TpN9I,214
    Diplomatic Immunity,Drake,https://www.youtube.com/watch?v=wrcmAljfeoc,215
    "Nicky Youre, dazy - Sunroof (Official Music Video)",Nicky Youre,https://www.youtube.com/watch?v=pvDFoiJcJBE,216
    Xavi - La Víctima (Official Video),Xavi,https://www.youtube.com/watch?v=pr8eo5qaYRs,217
    Travis Scott - CIRCUS MAXIMUS,Travis Scott,https://www.youtube.com/watch?v=BwhRWpHxKdM,218
    [Full Album] ATEEZ (에이티즈) - GOLDEN HOUR : Part.1,ATEEZ,https://www.youtube.com/watch?v=qDpEcO1hlZE,219
    "Pop Smoke - The Woo ft. 50 Cent, Roddy Ricch",Pop Smoke,https://www.youtube.com/watch?v=uaPj7nO0XmE,220
    The Script - Breakeven (Official Video),The Script,https://www.youtube.com/watch?v=U1ZN84MqLyI,221
    Cris MJ - Una Noche En Medellín (Video Oficial),Cris Mj,https://www.youtube.com/watch?v=EaIh7tRqdqM,222
    XXXTENTACION - SAD!,XXXTENTACION,https://www.youtube.com/watch?v=pgN-vvVVxMA,223
    Carin Leon - Primera Cita [Official Video],Carin Leon,https://www.youtube.com/watch?v=jhMiIUb2GEA,224
    "El Chombo, Dancing Green Alien - Dame Tu Cosita feat. Cutty Ranks (Official Video)",El Chombo,https://www.youtube.com/watch?v=FMN3AtsXqA0,225
    Benson Boone - Slow It Down (Official Music Video),Benson Boone,https://www.youtube.com/watch?v=f4Y3b7un4LE,226
    Bad Bunny - Yonaguni (Video Oficial),Bad Bunny,https://www.youtube.com/watch?v=doLMt10ytHY,227
    CJ - WHOOPTY [Official Music Video],CJ,https://www.youtube.com/watch?v=2xWkATdMQms,228
    NewJeans (뉴진스) 'Super Shy' Official MV,NewJeans,https://www.youtube.com/watch?v=ArmDp-zijuc,229
    Marshmello ft. Bastille - Happier (Official Music Video),Marshmello,https://www.youtube.com/watch?v=m7Bc3pLyij0,230
    "Fuerza Regida, Marshmello - Harley Quinn (Letra/Lyrics)",Fuerza Regida,https://www.youtube.com/watch?v=TaYSmHroNPs,231
    "David Guetta, Anne-Marie, Coi Leray - Baby Don’t Hurt Me (Official Video)",David Guetta,https://www.youtube.com/watch?v=k3DBmAlUh1A,232
    BTS (방탄소년단) 'Butter' Official MV,BTS,https://www.youtube.com/watch?v=WMweEpGlu_U,233
    "Pedro Capó, Alicia Keys, Farruko - Calma (Alicia Remix - Official Video)",Pedro Capï¿,https://www.youtube.com/watch?v=86kKFYmAMxA,234
    Doja Cat - Hot Pink Sessions: Streets (Look 1),Doja Cat,https://www.youtube.com/watch?v=oqv35UZepIM,235
    Lil Tecca - Ransom (Official Music Video),Lil Tecca,https://www.youtube.com/watch?v=BHJ-1g1-kn4,236
    d4vd - Romantic Homicide,d4vd,https://www.youtube.com/watch?v=FpO31FVxxb4,237
    Zach Bryan - Pink Skies (Lyrics),Zach Bryan,https://www.youtube.com/watch?v=r93F_XDiWAQ,238
    Clean Bandit - Rockabye (feat. Sean Paul & Anne-Marie) [Official Video],Clean Bandit,https://www.youtube.com/watch?v=papuvlVeZg8,239
    Stand By Me - Music Travel Love (At Al Ain),MUSIC LAB JPN,https://www.youtube.com/watch?v=4ONfrkskNp4,240
    NON-STOP RETRO DANCE WORKOUT REMIX l JADanceworkout choreography,J&A dance workout,https://www.youtube.com/watch?v=GCTccF6cnSE,241
    Oliver Anthony - Rich Men North Of Richmond,Oliver Anthony Music,https://www.youtube.com/watch?v=sqSA-SY5Hro,242
    "Grupo Frontera, Carin León - Que Vuelvas (LETRA) Estreno 2022",Carin Leon,https://www.youtube.com/watch?v=7XIaUQQCPhI,243
    KETTAMA - Pretty Green Eyes (Sunset Ibiza Mix),KETTAMA,https://www.youtube.com/watch?v=mE3HJZ6Zh7c,244
    Lil Uzi Vert - Just Wanna Rock [Official Music Video],Lil Uzi Vert,https://www.youtube.com/watch?v=UhbixyxgsiU,245
    xxxtentacion Seventeen (Full Album),XXXTENTACION,https://www.youtube.com/watch?v=EhTH8OIPoY4,246
    [Full Album] Jungkook (정국) - G o l d e n,Jung Kook,https://www.youtube.com/watch?v=uOFIcm-L0po,247
    Post Malone - Congratulations (Official Music Video) ft. Quavo,Post Malone,https://www.youtube.com/watch?v=m_DG4shGECI,248
    ACRAZE - Do It To It (feat. Cherish) (Official Video),ACRAZE,https://www.youtube.com/watch?v=cBSYJqv0Fjc,249
    "KAROL G, Nicki Minaj - Tusa (Official Video)",KAROL G,https://www.youtube.com/watch?v=tbneQDc2H3I,250
    Dasha - Austin (Official Music Video),Dasha,https://www.youtube.com/watch?v=FyjnbSsZ2tc,251
    Never Gonna Give You Up,Rick Astley,https://www.youtube.com/watch?v=GHMjD0Lp5DY,252
    Billie Jean,Michael Jackson,https://www.youtube.com/watch?v=Kr4EQDVETuA,253
    Lonely,Akon,https://www.youtube.com/watch?v=nN66uAbiJJw,254
    She Move it like,Badshah,https://www.youtube.com/watch?v=jSYtizsUCQA,255
    Oliver Tree & Robin Schulz - Miss You [Official Music Video],Oliver Tree,https://www.youtube.com/watch?v=EipgOEBtyag,256
    BAD BUNNY x JHAY CORTEZ - DÁKITI (Video Oficial),Bad Bunny,https://www.youtube.com/watch?v=vmt9q5tAyfg,257
    NON-STOP RETRO DANCE WORKOUT REMIX l JADanceworkout choreography,J&A dance workout,https://www.youtube.com/watch?v=GCTccF6cnSE,258
    Ed Sheeran - Divide Album |REACTION|,Ed Sheeran,https://www.youtube.com/watch?v=Wv2rLZmbPMA,259
    "Taylor Swift (Midnights ""The Late Night Edition"") Album Playlist with Lyrics",Taylor Swift,https://www.youtube.com/watch?v=om_gSbBJCFY,260
    QUEVEDO || BZRP Music Sessions #52/66,Bizarrap,https://www.youtube.com/watch?v=A_g3lMcWVy0,261
    JERE KLEIN - ANDO (Video Oficial) | ENFASIS,Jere Klein,https://www.youtube.com/watch?v=LfwVGlW237o,262
    La Bachata - MTZ Manuel Turizo | Video Oficial,Manuel Turizo,https://www.youtube.com/watch?v=TiM_TFpT_DE,263
    Justin Bieber - Justice (Official Live Performances) | Vevo,Justin Bieber,https://www.youtube.com/watch?v=WOnkozBboi4,264
    "Sexyy Red ""Get It Sexyy"" (Official Video - No Skits)",Sexyy Red,https://www.youtube.com/watch?v=ru64eEvd6Ak,265
    "Ariana DeBose - This Wish (From ""Wish"") (Official Video)",Ariana DeBose,https://www.youtube.com/watch?v=CXOIG0v4vIE,266
    "I Remixed ""Honestly"," Nevermind"" by Drake",https://www.youtube.com/watch?v=ay1l_u6vltY,267
    "YG Marley - ""Praise Jah in the Moonlight""",YG Marley,https://www.youtube.com/watch?v=iD__IJWqwY8,268
    "Justin Timberlake - CAN'T STOP THE FEELING! (from DreamWorks Animation's ""TROLLS"") (Official Video)",Justin Timberlake,https://www.youtube.com/watch?v=ru0K8uYEZWw,269
    Doja Cat - Planet Her (Official Live Performances) | Vevo,Doja Cat,https://www.youtube.com/watch?v=pOZpy3vlNwE,270
    "Lil Baby x Gunna - ""Drip Too Hard"" (Official Music Video)",Lil Baby,https://www.youtube.com/watch?v=THcVOf1kNh0,271
    twenty one pilots: Heathens (from Suicide Squad: The Album) [OFFICIAL VIDEO],Twenty One Pilots,https://www.youtube.com/watch?v=UprcpdwuwCg,272
    CKAY - DTF | OFFICIAL AUDIO,CKay,https://www.youtube.com/watch?v=wPsdj3VUVTQ,273
